{
  "report_type": "flux_merge_valuation",
  "generated_at": "2026-03-06T00:27:00.466042+00:00",
  "flux_total_base_units": 1000000000000000000000,
  "tokens": {
    "AGENT": {
      "decimals": 0,
      "supply_onchain_base_units": 1000000000,
      "burn_adjustment_base_units": 0,
      "supply_base_units": 1000000000,
      "supply_display": 1000000000.0,
      "twap_usd": 0.0005221487150605857,
      "valuation_usd": 522148.71506058564,
      "weight": 0.638136903946385,
      "flux_bucket_base_units": 638136903946384965632,
      "flux_bucket_display": 638136903.9463849,
      "unit": "97bbb7db0baef89caefce61b8107ac74c7a7340166b39d906f174bec54616c6f73"
    },
    "SHARDS": {
      "decimals": 6,
      "supply_onchain_base_units": 3088534450001,
      "burn_adjustment_base_units": 0,
      "supply_base_units": 3088534450001,
      "supply_display": 3088534.450001,
      "twap_usd": 0.030265241310913737,
      "valuation_usd": 93475.2404263505,
      "weight": 0.11423948542015278,
      "flux_bucket_base_units": 114239485420152782848,
      "flux_bucket_display": 114239485.42015278,
      "unit": "ea153b5d4864af15a1079a94a0e2486d6376fa28aafad272d15b243a0014df10536861726473"
    },
    "FLUX_PASS": {
      "decimals": 0,
      "supply_onchain_base_units": 802,
      "burn_adjustment_base_units": 0,
      "supply_base_units": 802,
      "supply_display": 802.0,
      "twap_usd": 59.6570525260247,
      "valuation_usd": 47844.95612587181,
      "weight": 0.058473058136458,
      "flux_bucket_base_units": 58473058136458002432,
      "flux_bucket_display": 58473058.136458,
      "policy_id": "0889a2d542897f0c7eefed47d2d809bd8d8ec78881bd4ff9464f683a",
      "display_name": "Flux Point Team Pass",
      "is_nft": true
    },
    "SE_BRAWLERS": {
      "decimals": 0,
      "supply_onchain_base_units": 484,
      "burn_adjustment_base_units": 0,
      "supply_base_units": 484,
      "supply_display": 484.0,
      "twap_usd": 30.395983772,
      "valuation_usd": 14711.656145648001,
      "weight": 0.017979649157267994,
      "flux_bucket_base_units": 17979649157267994624,
      "flux_bucket_display": 17979649.157267995,
      "policy_id": "25c75bbf105310685d51cd3adbdd50b72fdbd99be2cc3757dde7eafc",
      "display_name": "SE Brawlers",
      "is_nft": true
    },
    "BRAWL_PASS_ETD": {
      "decimals": 0,
      "supply_onchain_base_units": 90,
      "burn_adjustment_base_units": 0,
      "supply_base_units": 90,
      "supply_display": 90.0,
      "twap_usd": 96.71449382,
      "valuation_usd": 8704.3044438,
      "weight": 0.010637846514912504,
      "flux_bucket_base_units": 10637846514912503808,
      "flux_bucket_display": 10637846.514912505,
      "policy_id": "d3a197c4814054623432c882c60e6a81e8f3b94158033432529a02d2",
      "display_name": "Brawl Pass: Enter the Dragon",
      "is_nft": true
    },
    "T1_ADAM_PASS": {
      "decimals": 0,
      "supply_onchain_base_units": 43,
      "burn_adjustment_base_units": 0,
      "supply_base_units": 43,
      "supply_display": 43.0,
      "twap_usd": 2748.898012026622,
      "valuation_usd": 118202.61451714474,
      "weight": 0.14445970714988082,
      "flux_bucket_base_units": 144459707149880819712,
      "flux_bucket_display": 144459707.14988083,
      "policy_id": "b46891456b77dbc77c16090fd92a37f087f9a68e953c56b00a20332f",
      "display_name": "T1 ADAM Launch Pass",
      "is_nft": true
    },
    "T2_ADAM_PASS": {
      "decimals": 0,
      "supply_onchain_base_units": 95,
      "burn_adjustment_base_units": 0,
      "supply_base_units": 95,
      "supply_display": 95.0,
      "twap_usd": 138.4404939736722,
      "valuation_usd": 13151.84692749886,
      "weight": 0.016073349674942866,
      "flux_bucket_base_units": 16073349674942930944,
      "flux_bucket_display": 16073349.674942931,
      "policy_id": "06a64965c0ac1144a72a6ddfcb23aa9d4d7742a5b20ddd5cfb1164b9",
      "display_name": "T2 ADAM Launch Pass",
      "is_nft": true
    }
  },
  "burn_address": null,
  "totals": {
    "total_valuation_usd": 818239.3336468996,
    "sum_weights": 1.0,
    "sum_buckets_base_units": 1000000000000000000000,
    "buckets_sum_equals_max": true
  },
  "warnings": []
}