{
  "report_type": "flux_merge_valuation",
  "generated_at": "2026-03-12T13:18:49.333265+00:00",
  "max_supply_base_units": 1000000000000000,
  "public_pool_base_units": 850000000000000,
  "validator_reserve_base_units": 150000000000000,
  "tokens": {
    "AGENT": {
      "decimals": 0,
      "supply_onchain_base_units": 1000000000,
      "burn_adjustment_base_units": 0,
      "supply_base_units": 1000000000,
      "supply_display": 1000000000.0,
      "twap_usd": 0.0003641095812878299,
      "valuation_usd": 364109.5812878299,
      "weight": 0.6216858842990388,
      "flux_bucket_base_units": 528433001654183,
      "flux_bucket_display": 528433001.654183,
      "unit": "97bbb7db0baef89caefce61b8107ac74c7a7340166b39d906f174bec54616c6f73"
    },
    "SHARDS": {
      "decimals": 6,
      "supply_onchain_base_units": 3088534450001,
      "burn_adjustment_base_units": 0,
      "supply_base_units": 3088534450001,
      "supply_display": 3088534.450001,
      "twap_usd": 0.02019119523432882,
      "valuation_usd": 62361.20206792057,
      "weight": 0.10647640448356989,
      "flux_bucket_base_units": 90504943811034,
      "flux_bucket_display": 90504943.811034,
      "unit": "ea153b5d4864af15a1079a94a0e2486d6376fa28aafad272d15b243a0014df10536861726473"
    },
    "FLUX_PASS": {
      "decimals": 0,
      "supply_onchain_base_units": 401,
      "burn_adjustment_base_units": 0,
      "supply_base_units": 401,
      "supply_display": 401.0,
      "twap_usd": 56.1529038543434,
      "valuation_usd": 22517.314445591703,
      "weight": 0.038446383348756705,
      "flux_bucket_base_units": 32679425846443,
      "flux_bucket_display": 32679425.846443,
      "policy_id": "0889a2d542897f0c7eefed47d2d809bd8d8ec78881bd4ff9464f683a",
      "display_name": "Flux Point Team Pass",
      "is_nft": true
    },
    "SE_BRAWLERS": {
      "decimals": 0,
      "supply_onchain_base_units": 242,
      "burn_adjustment_base_units": 0,
      "supply_base_units": 242,
      "supply_display": 242.0,
      "twap_usd": 28.610577996,
      "valuation_usd": 6923.759875032,
      "weight": 0.011821726210442194,
      "flux_bucket_base_units": 10048467278875,
      "flux_bucket_display": 10048467.278875,
      "policy_id": "25c75bbf105310685d51cd3adbdd50b72fdbd99be2cc3757dde7eafc",
      "display_name": "SE Brawlers",
      "is_nft": true
    },
    "BRAWL_PASS_ETD": {
      "decimals": 0,
      "supply_onchain_base_units": 44,
      "burn_adjustment_base_units": 0,
      "supply_base_units": 44,
      "supply_display": 44.0,
      "twap_usd": 91.03365726,
      "valuation_usd": 4005.48091944,
      "weight": 0.006839015163065732,
      "flux_bucket_base_units": 5813162888605,
      "flux_bucket_display": 5813162.888605,
      "policy_id": "d3a197c4814054623432c882c60e6a81e8f3b94158033432529a02d2",
      "display_name": "Brawl Pass: Enter the Dragon",
      "is_nft": true
    },
    "T1_ADAM_PASS": {
      "decimals": 0,
      "supply_onchain_base_units": 43,
      "burn_adjustment_base_units": 0,
      "supply_base_units": 43,
      "supply_display": 43.0,
      "twap_usd": 2587.43265446092,
      "valuation_usd": 111259.60414181955,
      "weight": 0.1899662325364356,
      "flux_bucket_base_units": 161471297655970,
      "flux_bucket_display": 161471297.65597,
      "policy_id": "b46891456b77dbc77c16090fd92a37f087f9a68e953c56b00a20332f",
      "display_name": "T1 ADAM Launch Pass",
      "is_nft": true
    },
    "T2_ADAM_PASS": {
      "decimals": 0,
      "supply_onchain_base_units": 95,
      "burn_adjustment_base_units": 0,
      "supply_base_units": 95,
      "supply_display": 95.0,
      "twap_usd": 152.6737940119466,
      "valuation_usd": 14504.010431134926,
      "weight": 0.02476435395869102,
      "flux_bucket_base_units": 21049700864890,
      "flux_bucket_display": 21049700.86489,
      "policy_id": "06a64965c0ac1144a72a6ddfcb23aa9d4d7742a5b20ddd5cfb1164b9",
      "display_name": "T2 ADAM Launch Pass",
      "is_nft": true
    }
  },
  "burn_address": null,
  "totals": {
    "total_valuation_usd": 585680.9531687687,
    "sum_weights": 1.0,
    "sum_buckets_base_units": 850000000000000,
    "buckets_sum_equals_pool": true
  },
  "warnings": []
}