{
  "report_type": "flux_merge_valuation",
  "generated_at": "2026-03-11T16:23:45.288446+00:00",
  "max_supply_base_units": 1000000000000000000000,
  "public_pool_base_units": 850000000000000000000,
  "validator_reserve_base_units": 150000000000000000000,
  "tokens": {
    "AGENT": {
      "decimals": 0,
      "supply_onchain_base_units": 1000000000,
      "burn_adjustment_base_units": 0,
      "supply_base_units": 1000000000,
      "supply_display": 1000000000.0,
      "twap_usd": 0.0005221487150605857,
      "valuation_usd": 522148.71506058564,
      "weight": 0.6672723329051194,
      "flux_bucket_base_units": 567181482969351520256,
      "flux_bucket_display": 567181482.9693515,
      "unit": "97bbb7db0baef89caefce61b8107ac74c7a7340166b39d906f174bec54616c6f73"
    },
    "SHARDS": {
      "decimals": 6,
      "supply_onchain_base_units": 3088534450001,
      "burn_adjustment_base_units": 0,
      "supply_base_units": 3088534450001,
      "supply_display": 3088534.450001,
      "twap_usd": 0.030265241310913737,
      "valuation_usd": 93475.2404263505,
      "weight": 0.1194553198142421,
      "flux_bucket_base_units": 101537021842105778176,
      "flux_bucket_display": 101537021.84210578,
      "unit": "ea153b5d4864af15a1079a94a0e2486d6376fa28aafad272d15b243a0014df10536861726473"
    },
    "FLUX_PASS": {
      "decimals": 0,
      "supply_onchain_base_units": 401,
      "burn_adjustment_base_units": 0,
      "supply_base_units": 401,
      "supply_display": 401.0,
      "twap_usd": 59.6570525260247,
      "valuation_usd": 23922.478062935905,
      "weight": 0.03057138184104235,
      "flux_bucket_base_units": 25985674564885995520,
      "flux_bucket_display": 25985674.564885996,
      "policy_id": "0889a2d542897f0c7eefed47d2d809bd8d8ec78881bd4ff9464f683a",
      "display_name": "Flux Point Team Pass",
      "is_nft": true
    },
    "SE_BRAWLERS": {
      "decimals": 0,
      "supply_onchain_base_units": 242,
      "burn_adjustment_base_units": 0,
      "supply_base_units": 242,
      "supply_display": 242.0,
      "twap_usd": 30.395983772,
      "valuation_usd": 7355.828072824001,
      "weight": 0.009400273173194954,
      "flux_bucket_base_units": 7990232197215711232,
      "flux_bucket_display": 7990232.197215711,
      "policy_id": "25c75bbf105310685d51cd3adbdd50b72fdbd99be2cc3757dde7eafc",
      "display_name": "SE Brawlers",
      "is_nft": true
    },
    "BRAWL_PASS_ETD": {
      "decimals": 0,
      "supply_onchain_base_units": 44,
      "burn_adjustment_base_units": 0,
      "supply_base_units": 44,
      "supply_display": 44.0,
      "twap_usd": 96.71449382,
      "valuation_usd": 4255.43772808,
      "weight": 0.005438174563005345,
      "flux_bucket_base_units": 4622448378554543104,
      "flux_bucket_display": 4622448.3785545435,
      "policy_id": "d3a197c4814054623432c882c60e6a81e8f3b94158033432529a02d2",
      "display_name": "Brawl Pass: Enter the Dragon",
      "is_nft": true
    },
    "T1_ADAM_PASS": {
      "decimals": 0,
      "supply_onchain_base_units": 43,
      "burn_adjustment_base_units": 0,
      "supply_base_units": 43,
      "supply_display": 43.0,
      "twap_usd": 2748.898012026622,
      "valuation_usd": 118202.61451714474,
      "weight": 0.15105530679164444,
      "flux_bucket_base_units": 128397010772897775616,
      "flux_bucket_display": 128397010.77289778,
      "policy_id": "b46891456b77dbc77c16090fd92a37f087f9a68e953c56b00a20332f",
      "display_name": "T1 ADAM Launch Pass",
      "is_nft": true
    },
    "T2_ADAM_PASS": {
      "decimals": 0,
      "supply_onchain_base_units": 95,
      "burn_adjustment_base_units": 0,
      "supply_base_units": 95,
      "supply_display": 95.0,
      "twap_usd": 138.4404939736722,
      "valuation_usd": 13151.84692749886,
      "weight": 0.016807210911751292,
      "flux_bucket_base_units": 14286129274988676096,
      "flux_bucket_display": 14286129.274988675,
      "policy_id": "06a64965c0ac1144a72a6ddfcb23aa9d4d7742a5b20ddd5cfb1164b9",
      "display_name": "T2 ADAM Launch Pass",
      "is_nft": true
    }
  },
  "burn_address": null,
  "totals": {
    "total_valuation_usd": 782512.1607954197,
    "sum_weights": 0.9999999999999999,
    "sum_buckets_base_units": 850000000000000000000,
    "buckets_sum_equals_pool": true
  },
  "warnings": []
}