{
  "report_type": "redemption_rate_table",
  "generated_at": "2026-03-11T20:19:07.445574+00:00",
  "public_pool_base": 850000000000000000000,
  "public_pool_display": 850000000.0,
  "validator_reserve_base": 150000000000000000000,
  "team_waiver_supplies": {
    "AGENT": 29644656,
    "SHARDS": 446969700000
  },
  "legacy_reward_adjustments": {},
  "tokens": {
    "AGENT": {
      "bucket_base": 567181482969351520256,
      "bucket_display": 567181482.9693515,
      "on_chain_supply_base": 1000000000,
      "team_waiver_base": 29644656,
      "legacy_reward_adjustment_base": 0,
      "redeemable_supply_base": 970355344,
      "redeemable_supply_display": 970355344.0,
      "rate_base_per_unit": 584509052767,
      "rate_display": 0.584509052767,
      "is_nft": false
    },
    "SHARDS": {
      "bucket_base": 101537021842105778176,
      "bucket_display": 101537021.84210578,
      "on_chain_supply_base": 3088534450001,
      "team_waiver_base": 446969700000,
      "legacy_reward_adjustment_base": 0,
      "redeemable_supply_base": 2641564750001,
      "redeemable_supply_display": 2641564.750001,
      "rate_base_per_unit": 38438210,
      "rate_display": 3.843821e-05,
      "is_nft": false
    },
    "FLUX_PASS": {
      "bucket_base": 25985674564885995520,
      "bucket_display": 25985674.564885996,
      "on_chain_supply_base": 401,
      "team_waiver_base": 0,
      "legacy_reward_adjustment_base": 0,
      "redeemable_supply_base": 401,
      "redeemable_supply_display": 401.0,
      "rate_base_per_unit": 64802180959815450,
      "rate_display": 64802.18095981545,
      "is_nft": true
    },
    "SE_BRAWLERS": {
      "bucket_base": 7990232197215711232,
      "bucket_display": 7990232.197215711,
      "on_chain_supply_base": 242,
      "team_waiver_base": 0,
      "legacy_reward_adjustment_base": 0,
      "redeemable_supply_base": 242,
      "redeemable_supply_display": 242.0,
      "rate_base_per_unit": 33017488418246740,
      "rate_display": 33017.48841824674,
      "is_nft": true
    },
    "BRAWL_PASS_ETD": {
      "bucket_base": 4622448378554543104,
      "bucket_display": 4622448.3785545435,
      "on_chain_supply_base": 44,
      "team_waiver_base": 0,
      "legacy_reward_adjustment_base": 0,
      "redeemable_supply_base": 44,
      "redeemable_supply_display": 44.0,
      "rate_base_per_unit": 105055644967148706,
      "rate_display": 105055.6449671487,
      "is_nft": true
    },
    "T1_ADAM_PASS": {
      "bucket_base": 128397010772897775616,
      "bucket_display": 128397010.77289778,
      "on_chain_supply_base": 43,
      "team_waiver_base": 0,
      "legacy_reward_adjustment_base": 0,
      "redeemable_supply_base": 43,
      "redeemable_supply_display": 43.0,
      "rate_base_per_unit": 2985976994718552921,
      "rate_display": 2985976.994718553,
      "is_nft": true
    },
    "T2_ADAM_PASS": {
      "bucket_base": 14286129274988676096,
      "bucket_display": 14286129.274988675,
      "on_chain_supply_base": 95,
      "team_waiver_base": 0,
      "legacy_reward_adjustment_base": 0,
      "redeemable_supply_base": 95,
      "redeemable_supply_display": 95.0,
      "rate_base_per_unit": 150380308157775537,
      "rate_display": 150380.30815777555,
      "is_nft": true
    }
  }
}